"88","6530","Tue Apr 06 00:00:00 UTC 2021","453543"
"22","3353","Fri Apr 23 00:00:00 UTC 2021","768656"
"22","3568","Sun Apr 11 00:00:00 UTC 2021","835683"
"34","3568","Wed Mar 17 00:00:00 UTC 2021","293853"
"23","6530","Tue Mar 16 00:00:00 UTC 2021","238472"
"12","4377","Mon Apr 05 00:00:00 UTC 2021","234898"
"12","3568","Fri Apr 09 00:00:00 UTC 2021","248793"
"88","7839","Sun Feb 28 00:00:00 UTC 2021","294793"
"22","8274","Wed Mar 24 00:00:00 UTC 2021","248984"
"88","3568","Thu Mar 25 00:00:00 UTC 2021","234241"
